{
  "variants": {
    "": [
	  {
	    "model": "minecraft:block/cobblestone"
	  },
	  {
	    "model": "minecraft:block/cobblestone",
        "y": 90
	  },
	  {
	    "model": "minecraft:block/cobblestone",
        "y": 180
	  },
	  {
	    "model": "minecraft:block/cobblestone",
        "y": 270
	  },
	  {
	    "model": "minecraft:block/cobblestone",
        "x": 90
	  },
	  {
	    "model": "minecraft:block/cobblestone",
		"x": 90,
        "y": 90
	  },
	  {
	    "model": "minecraft:block/cobblestone",
		"x": 90,
        "y": 180
	  },
	  {
	    "model": "minecraft:block/cobblestone",
		"x": 90,
        "y": 270
	  },
	  {
	    "model": "minecraft:block/cobblestone",
        "x": 180
	  },
	  {
	    "model": "minecraft:block/cobblestone",
		"x": 180,
        "y": 90
	  },
	  {
	    "model": "minecraft:block/cobblestone",
		"x": 180,
        "y": 180
	  },
	  {
	    "model": "minecraft:block/cobblestone",
		"x": 180,
        "y": 270
	  },
	  {
	    "model": "minecraft:block/cobblestone",
        "x": 270
	  },
	  {
	    "model": "minecraft:block/cobblestone",
		"x": 270,
        "y": 90
	  },
	  {
	    "model": "minecraft:block/cobblestone",
		"x": 270,
        "y": 180
	  },
	  {
	    "model": "minecraft:block/cobblestone",
		"x": 270,
        "y": 270
	  }
	]
  }
}