{
  "variants": {
    "axis=x": [
	  {
        "model": "minecraft:block/mangrove_log",
        "x": 90,
        "y": 90
      },
	  {
        "model": "minecraft:block/mangrove_log1",
        "x": 90,
        "y": 90
      }
	],
    "axis=y": [
	  {
        "model": "minecraft:block/mangrove_log"
      },
	  {
        "model": "minecraft:block/mangrove_log1"
      }
	],
    "axis=z": [
	  {
        "model": "minecraft:block/mangrove_log",
        "x": 90
      },
	  {
        "model": "minecraft:block/mangrove_log1",
        "x": 90
      }
	]
  }
}