{
  "variants": {
    "": [
      {
        "model": "minecraft:block/mangrove_roots",
        "y": 0
      },
      {
        "model": "minecraft:block/mangrove_roots",
        "y": 90
      },
      {
        "model": "minecraft:block/mangrove_roots",
        "y": 180
      },
      {
        "model": "minecraft:block/mangrove_roots",
        "y": 270
      },
      {
        "model": "minecraft:block/mangrove_roots1",
        "y": 0
      },
      {
        "model": "minecraft:block/mangrove_roots1",
        "y": 90
      },
      {
        "model": "minecraft:block/mangrove_roots1",
        "y": 180
      },
      {
        "model": "minecraft:block/mangrove_roots1",
        "y": 270
      }
    ]
  }
}